size,greedy_profit,greedy_time,milp_profit,milp_time,ga_profit,ga_time
10,10874.0,0.7182981967926025,10874.0,1.6388087272644043,10874.0,0.2787771224975586
20,28745.0,0.14208388328552246,28745.0,2.927672863006592,28745.0,0.3671081066131592
30,44207.0,0.1955702304840088,41482.0,60.29846501350403,44207.0,0.6061937808990479
40,57085.0,0.1782851219177246,22667.0,60.39255404472351,57085.0,0.9264497756958008
50,63268.0,0.1818408966064453,13633.0,60.65011405944824,61850.0,1.7149429321289062
